Source,Target,Type of Content,Score
Zee97052831,Zee97052831,Tweet,0.788161364
SpainOnAPlate,IsabelOakeshott,Non-Tweet,0.64308523
Rickardpmp,Conservatives,Non-Tweet,0.623416309
LloydDavidson8,YouTube,Non-Tweet,0.613036868
drmcrash,brawnyman713,Non-Tweet,0.612931601
FlyingDingo8419,KyivIndependent,Non-Tweet,0.596694313
poteznykaktuch,mosulatheist,Non-Tweet,0.59643788
simplymarvy,conspiracymill,Non-Tweet,0.594166458
NATOlizer,NATOlizer,Tweet,0.592791152
jamadu76,MaxBoot,Non-Tweet,0.587367151
Bestthebritico,Bestthebritico,Tweet,0.586943948
FairchildTracey,FairchildTracey,Tweet,0.586902116
TimC797,ChuckCallesto,Non-Tweet,0.586902116
ram1stuff,AntonioZhou9,Non-Tweet,0.585159003
BobRiv56,Yahoo,Non-Tweet,0.584219094
tonylaws,mirogster,Non-Tweet,0.583855433
Happycatdcl,InnaSovsun,Non-Tweet,0.583771535
DefendtheConst1,barnes_law,Non-Tweet,0.583499086
Atsederedae,Atsederedae,Tweet,0.583499086
odiearts,odiearts,Tweet,0.58347686
ruxxiananton,tbifarini,Non-Tweet,0.583432532
im_fabulous_69,ZelenskyyUa,Non-Tweet,0.582597675
Bhinghi1,CharlotteEmmaUK,Non-Tweet,0.581737322
gioviano_gail,CherylParkNow,Non-Tweet,0.580766494
bowziesfarm,anders_aslund,Non-Tweet,0.579968064
toddbeltz,guano_col,Non-Tweet,0.579845384
Elainebks,BorisJohnson,Non-Tweet,0.579765641
Helvegen29,oryxspioenkop,Non-Tweet,0.578180554
ManuelA44967240,ManuelA44967240,Tweet,0.577404908
PervyPimp,MazisVasiliki,Non-Tweet,0.577208859
iraqexchange,Chinamission2un,Non-Tweet,0.576170557
iraqexchange,jlrealww,Non-Tweet,0.57518435
Snarky_Penguin,blackcloudsix,Non-Tweet,0.574614116
Reekedson_TR,Reekedson_TR,Tweet,0.573185456
framness,Brian_Riedl,Non-Tweet,0.572705905
Vortexmind,Draghi_Italy,Non-Tweet,0.572485751
Andre154223236,TuckerCarlson,Non-Tweet,0.57225847
iraqexchange,riadhsidaoui,Non-Tweet,0.57209104
Arvinde12956636,Yahoo,Non-Tweet,0.571130248
twit_grim,BobDxbcmbeh,Non-Tweet,0.569455598
inmyownfashion2,YouTube,Non-Tweet,0.569443948
MarcDubuc,MarcDubuc,Tweet,0.569378952
tzarxiv,drefanzor,Non-Tweet,0.568427867
Aquarian_Diary,CNN,Non-Tweet,0.568353713
fascismisalive,GOP,Non-Tweet,0.56808839
margil9000,JimBowersclimb,Non-Tweet,0.567918099
MarkrKeogh,mod_russia,Non-Tweet,0.567257486
Jontikka1270,KyivIndependent,Non-Tweet,0.566044994
Adrian2N,cnnbrk,Non-Tweet,0.565862278
BrianRAlexander,thephatic,Non-Tweet,0.564041029
ANIMATIONWEB5,ANIMATIONWEB5,Tweet,0.562877906
chrisfenner88,zeus_doc,Non-Tweet,0.562867602
PutlerCriminal,kanzlerflorian,Non-Tweet,0.561204743
zdaonz,ShaharHameiri,Non-Tweet,0.561204743
ivob1987,Ukraine,Non-Tweet,0.56113083
InsightForecast,InsightForecast,Tweet,0.561028529
PutlerCriminal,psud12,Non-Tweet,0.560618155
hill_dyke,CatManDoo18,Non-Tweet,0.558976743
jofh5,POTUS,Non-Tweet,0.558661944
gracereis15,gracereis15,Tweet,0.557208171
brexjam,brexjam,Tweet,0.555335575
CRobinson1075,ukraine_world,Non-Tweet,0.554768887
DarcyAlexi,EU_Commission,Non-Tweet,0.554768887
GlobalRabbi,isaacstanbecker,Non-Tweet,0.552891257
TheMannors,TheMannors,Tweet,0.550079733
Nothere2610,DmytroKuleba,Non-Tweet,0.549885007
PutlerCriminal,AyatGhilmeini,Non-Tweet,0.549188766
CjColaci,KremlinRussia_E,Non-Tweet,0.547213989
vijayka47034502,calebmaupin,Non-Tweet,0.547198665
FedCM,pbrody,Non-Tweet,0.546773237
linkerbell_,PapaRobR6,Non-Tweet,0.544880619
abhypocrisy,Justin04930522,Non-Tweet,0.544821626
nicnod1,SabineMarxen,Non-Tweet,0.544821626
Eversjud,Eversjud,Tweet,0.543443039
pathlesstreams1,YouTube,Non-Tweet,0.543123998
GormsbyE,Frances_Coppola,Non-Tweet,0.542185305
ZachRoros,clif_high,Non-Tweet,0.541758298
strnnk_,Cernovich,Non-Tweet,0.54133918
Cathmor69,ASLuhn,Non-Tweet,0.541055926
todd_abbott1969,dabeard,Non-Tweet,0.540945721
ashnasen,ashnasen,Tweet,0.540858414
NICKinNOVA,MarkDStrauss,Non-Tweet,0.540847623
dexa_cs,olgatokariuk,Non-Tweet,0.540781222
DaztheDruid,anders_aslund,Non-Tweet,0.540647487
MirUA2014,IlvesToomas,Non-Tweet,0.54027931
PoodleHead57,FoxNews,Non-Tweet,0.539979271
Jorvik4,U0wnItNow,Non-Tweet,0.538689975
no_war2022,no_war2022,Tweet,0.538297044
MICK80706467,mfa_russia,Non-Tweet,0.538029078
greg60328592,CTVNews,Non-Tweet,0.537305849
Peacefullizall3,lin56465043,Non-Tweet,0.536347391
JeffLEvans,JeffLEvans,Tweet,0.536193674
Taurevanime,GeromanAT,Non-Tweet,0.536193674
Grover_P_Mayank,Grover_P_Mayank,Tweet,0.536021795
Kd6Renegade,GoncharenkoUa,Non-Tweet,0.535632046
imokedoke,margbrennan,Non-Tweet,0.53507711
_nika_ln,maryk_ProudDem,Non-Tweet,0.534833587
Lee_in_Iowa,IAPonomarenko,Non-Tweet,0.534833587
TheeRougarou,jojoptyoga,Non-Tweet,0.534736642
pilarpaisajista,pilarpaisajista,Tweet,0.533952562