,word,frequency
67,london,204
38,new,153
334,hong,152
335,kong,152
395,hk,142
39,york,124
51,washington,123
52,dc,115
41,usa,108
102,malaysia,105
10,germany,105
11,united,101
21,uk,97
108,england,94
49,berlin,71
16,australia,67
4,canada,67
34,earth,61
54,city,53
192,paris,52
12,state,51
197,ireland,49
43,followback,47
20,nyc,46
77,kingdom,44
9,sea,44
101,arab,43
63,brussels,43
85,republic,40
8,baltic,39
59,ca,37
27,europe,36
201,dublin,36
33,planet,35
234,syria,34
136,san,33
98,texas,32
196,italy,32
118,angel,31
17,melbourne,31
137,francisco,31
151,university,31
26,netherlands,31
448,budapest,31
154,international,30
138,ontario,30
65,somewhere,30
100,syrian,27
107,california,26
193,france,25
904,morocco,24
129,madrid,23
150,durham,23
56,ny,23
14,fl,23
99,worldwide,23
78,east,23
204,toronto,23
152,school,22
48,montreal,22
91,spain,22
153,government,22
155,affair,22
125,switzerland,22
35,global,22
93,turkey,19
843,hungary,19
169,austria,19
555,finland,19
728,saudi,19
339,arabia,19
15,karachi,19
359,boston,18
203,old,18
273,dubai,18
313,west,18
66,nice,17
92,everywhere,17
86,world,17
114,middle,17
166,land,17
58,angeles,17
215,mother,16
112,country,16
274,emirate,16
329,macedonia,16
57,los,16
44,rome,16
46,scotland,15
205,istanbul,15
283,africa,15
326,south,15
119,kuala,15
277,sweden,14
74,belgium,14
284,cairo,14
915,birmingham,14
290,largo,14
328,skopje,14
534,coast,14
390,cyprus,14
168,vienna,14
3,columbia,14
396,yorkshire,13
227,salvadorcharlottesville,13
80,petors,13
109,oxford,13
29,north,13
423,miami,13
237,territory,13
226,el,13
341,ga,12
266,tokyo,12
97,israel,12
470,atlanta,12
342,nigeria,12
355,jersey,12
375,beirut,12
170,perth,12
2,british,12
512,liverpool,11
240,jalan,11
241,ampang,11
239,mamanda,11
327,airport,11
472,geneva,11
291,pinellas,11
95,india,11
598,center,11
242,point,11
218,brooklyn,11
516,maryland,11
251,salish,11
149,socialjustice,10
148,journalism,10
413,virginia,10
692,area,10
254,hague,10
258,lebanon,10
195,athens,10
443,zagreb,10
497,oslo,10
69,ukraine,10
368,town,10
40,florida,10
209,sydney,10
36,denmark,9
263,chicago,9
214,japan,9
231,barcelona,9
449,stcastparisannecy,9
269,saxony,9
447,helsinki,9
305,tunisia,9
337,tx,9
385,uae,9
416,seattle,9
697,cape,9
467,norway,9
141,brazil,9
130,community,9
122,copenhagen,9
132,palestine,9
117,zealand,9
303,pakistan,8
144,ccu,8
134,illinois,8
287,manchester,8
797,riyadh,8
47,sutton,8
230,cologne,8
478,roc,8
459,doha,8
180,poland,8
460,qatar,8
30,wale,8
356,nj,8
173,delhi,8
42,albania,8
361,lanka,7
584,taiwan,7
32,ottawa,7
347,globetrotting,7
348,srb,7
475,indonesia,7
378,egypt,7
778,bay,7
417,wa,7
311,great,7
350,cambridge,7
479,amman,7
583,taipei,7
267,uelzen,7
50,croatia,7
1,pa,7
268,lower,7
600,mumbai,7
360,sri,7
120,greece,7
156,rock,7
528,northern,7
171,western,7
586,cloud,7
25,amsterdam,7
235,place,6
261,vie,6
236,treaty,6
222,oakland,6
295,quebec,6
276,stockholm,6
6,coram,6
143,atl,6
5,merica,6
216,malta,6
257,jordan,6
844,somerset,6
71,spring,6
966,yvr,6
532,serbia,6
7,deo,6
172,constitutionalsweatequity,6
607,bc,6
72,md,6
37,tehran,6
247,thailand,6
309,philadelphia,6
557,left,6
1055,cdmx,6
526,kurdistan,6
312,britain,6
392,russia,5
113,canberra,5
538,free,5
296,romania,5
111,ngunnawal,5
948,cambrils,5
344,hamburg,5
314,hollywood,5
362,srilanka,5
320,america,5
336,houston,5
365,valencia,5
575,damascus,5
332,central,5
372,iran,5
374,online,5
22,massachusetts,5
386,slovenia,5
70,silver,5
212,advocate,5
605,sf,5
145,ithaca,5
211,refugee,5
210,iranian,5
444,bergamo,5
445,milano,5
228,decodingsatanblogspotcom,5
446,verona,5
455,jerusalem,5
45,lazio,5
188,european,5
798,sept,5
439,edmonton,5
954,halifax,5
615,ohio,5
612,cleveland,5
611,twitter,5
622,munich,5
1069,la,4
306,st,4
821,orebić,4
560,abu,4
383,nc,4
561,dhabi,4
164,darug,4
384,sharjah,4
590,northamptonshire,4
1078,bloomington,4
163,still,4
463,peshawar,4
82,stolen,4
206,postrevolution,4
934,white,4
317,nairobi,4
450,brighton,4
737,region,4
325,co,4
297,bucharest,4
68,colorado,4
610,facebook,4
363,colombo,4
820,vrgorac,4
969,kaurna,4
458,corsica,4
18,victoria,4
189,union,4
642,yeg,4
219,utrecht,4
398,island,4
246,mex,4
808,kyiv,4
61,hill,4
411,socialamericaresorg,4
725,leeds,4
264,shinagawa,4
265,ward,4
62,mi,4
140,paulo,4
679,norwich,4
387,middleeast,4
469,almost,4
431,auckland,4
399,dollarocracy,4
272,detroit,4
397,rhode,4
142,uf,4
221,eu,4
480,anywhere,4
391,moscow,4
566,laatzen,4
567,hannovergermany,4
518,va,4
661,belgrade,4
473,surabaya,3
1058,wakeupamerica,3
466,nowhere,3
709,español,3
883,mississaugaoakvilleburlingto,3
501,gothenburg,3
721,key,3
757,frankfurt,3
464,kabul,3
823,sky,3
462,quetta,3
83,prague,3
514,nauru,3
499,latvia,3
1030,pilisborosjenő,3
724,bulgaria,3
508,fort,3
513,manus,3
364,manhattanland,3
474,java,3
729,​​spain,3
377,sudan,3
710,hebrew,3
493,mountain,3
711,עברית,3
483,insanity,3
523,naxos,3
406,brisbane,3
877,motherland,3
105,santa,3
511,buffalo,3
482,reality,3
964,charlotte,3
84,czech,3
594,southampton,3
294,gadigal,3
293,al,3
676,atlantic,3
582,essex,3
677,ocean,3
667,hedgerow,3
695,tampa,3
146,tel,3
571,metoo,3
572,sfo,3
574,bonn,3
220,en,3
271,glasgow,3
792,blm,3
785,gonefishing,3
587,calgary,3
1088,wimbledon,3
536,circling,3
259,sao,3
229,zurich,3
786,pittsburgh,3
233,iraq,3
238,winnipeg,3
665,oregon,3
147,aviv,3
602,zone,3
552,moulinsart,3
178,dorset,3
331,il,3
330,dominican,3
179,mississauga,3
31,maine,3
703,lexington,3
157,sun,3
184,luxembourg,3
704,ky,3
829,ealing,3
872,anonymous,3
316,berlinlondonatlanta,3
1113,miamifl,3
773,greater,3
672,carolina,2
619,internet,2
614,marseille,2
730,cracow,2
492,australiachinaindiakorea,2
613,oh,2
965,street,2
680,milan,2
648,guatemalan,2
476,appalachia,2
589,vietnam,2
588,alberta,2
734,johannesburg,2
939,arkansas,2
477,philly,2
928,away,2
608,huntsville,2
975,sofia,2
592,qmul,2
601,citizen,2
664,turkeyisrael,2
686,sc,2
595,hampshire,2
927,mile,2
689,climate,2
535,outback,2
498,walla,2
712,milton,2
564,dallas,2
563,mo,2
924,transit,2
559,ابوظبي,2
1002,cyberspace,2
713,keynes,2
558,abudabi,2
913,halfweg,2
988,friesland,2
634,fairfax,2
548,end,2
529,fatih,2
632,nsw,2
545,bayarea,2
633,algeria,2
544,zed,2
543,afg,2
541,route,2
565,bangladesh,2
1006,bengaluru,2
690,equatoria,2
720,banja,2
580,eindhoven,2
722,strobl,2
691,metro,2
502,kelowna,2
623,bavaria,2
693,bradford,2
1013,nation,2
505,ab,2
1010,dcbaltimoreworld,2
960,bey2bay,2
719,niska,2
576,león,2
938,calico,2
635,pacific,2
950,panama,2
644,cardiff,2
694,tottenham,2
625,maastricht,2
1012,steelers,2
833,main,2
468,httpspbstwimgcomprofile_images726043060380028928rgfxhnx5jpg,2
244,chile,2
256,nl,2
1090,fhloston,2
250,ceast,2
249,please,2
248,clathy,2
245,portugal,2
858,queensland,2
1102,coatbridge,2
791,tunis,2
793,berner,2
794,atck,2
208,park,2
200,bangkok,2
198,vermont,2
280,londonbrusselsthe,2
281,odds,2
282,bristol,2
286,iphone,2
288,uranus,2
302,gateshead,2
775,ghana,2
307,charles,2
774,accra,2
870,plane,2
321,baghdad,2
322,extinction,2
323,chronicle,2
324,denver,2
1070,bernarda,2
1068,pussy,2
343,postsocialism,2
194,zwiesel,2
1103,rj,2
349,vancouver,2
75,afghanistan,2
1121,vega,2
106,monica,2
839,canaria,2
87,bratislava,2
81,delta,2
838,gran,2
836,bahrain,2
853,bedfordshire,2
55,syracuse,2
827,bern,2
28,conwy,2
834,lahore,2
23,sheffield,2
13,orlando,2
121,tempe,2
1120,viva,2
133,district,2
135,warsaw,2
139,são,2
158,düsseldorf,2
807,secret,2
806,exposed,2
805,empire,2
804,rub,2
174,chennai,2
176,lyme,2
177,regis,2
181,harringay,2
182,haringey,2
852,bedford,2
800,house,2
871,southern,2
300,yerevan,2
658,antonio,2
432,wakanda,2
408,phoenix,2
742,rotterdam,2
434,baton,2
381,nottingham,2
876,hitting,2
437,valley,2
389,nicosia,2
436,louisiana,2
754,singapore,2
1041,fujisawa,2
756,rainbow,2
394,rom,2
435,rouge,2
400,film,2
401,story,2
402,activiesmusic,2
403,prayer,2
409,az,2
404,language,2
418,breda,2
433,ohofa,2
376,islamic,2
762,mn,2
457,coquitlam,2
456,gallarate,2
766,guadalajara,2
353,tallahassee,2
765,montréal,2
764,bostonian,2
430,beach,2
763,proud,2
424,last,2
761,minneapolis,2
367,omnipresent,2
370,dresden,2
421,edinburgh,2
407,qld,2
1044,oxfordshire,2
849,ff,1
886,અવનશ,1
923,montgomery,1
847,kilsyth,1
846,aleppo,1
899,hi,1
922,londonuk,1
898,honolulu,1
897,wokingham,1
885,antalya,1
848,charioteer,1
842,poole,1
896,often,1
925,mongolia,1
894,zeldatwt,1
892,greatest,1
933,no18101,1
932,closet,1
891,blue,1
890,howth,1
931,punjab,1
835,torontocanada,1
889,wisconsin,1
930,sindh,1
929,misplaced,1
837,iquique,1
888,newcastle,1
887,awareness,1
840,mid,1
926,tajikistan,1
841,broadstone,1
845,cairo_eg,1
895,hyrule,1
850,frontera,1
907,herzegovina,1
851,noida,1
862,uzbekistan,1
903,capital,1
905,radioiravagmailcom,1
864,jo,1
865,camsmd,1
866,medium,1
893,europefinland,1
867,magdeburg,1
875,stlouis,1
874,yorkroma,1
868,ever,1
869,northumberland,1
914,khobar,1
912,paysbassudouestmadridabidja,1
911,hull,1
910,thisisplanetearth,1
935,kremlin,1
906,bosnia,1
909,plymouth,1
873,monterey,1
863,tashkent,1
861,rep,1
900,kingston,1
860,köln,1
884,jonkoping,1
921,donnybrook,1
920,rté,1
882,bostonnew,1
919,ile-de-france,1
881,linz,1
880,aberdeebarbar,1
908,interwebz,1
879,lancashire,1
878,lancaster,1
917,franciacorta,1
854,hellas,1
916,montrealcairo,1
855,wijk,1
856,bij,1
857,duurstede,1
901,makati,1
902,national,1
859,caucassia,1
918,lattakia,1
0,erie,1
936,german,1
1079,faisalabad,1
1067,portugal_coimbra,1
1071,beogradserbia,1
1072,southport,1
1073,alexandria,1
1074,temporary,1
1075,universe,1
1076,leg,1
1077,view,1
1080,always,1
1092,arcadia,1
1081,rollin,1
1082,hellesdon,1
1083,lauderdale,1
1084,mole,1
1085,sspomitapi,1
1086,súdwest,1
1087,fryslân,1
1089,londongrad,1
1066,leicester,1
1065,autonomous,1
1064,taz,1
1063,karviná,1
1043,prefecture,1
1045,lillehammer,1
1046,nebuchadnezzar,1
832,rhine,1
1048,golden,1
1049,ratio,1
1050,hashemite,1
1051,djerba,1
1052,dhaka,1
1053,way,1
1054,field,1
1056,harlech,1
1057,kentucky,1
1059,come,1
1060,man,1
1061,never,1
1062,ceded,1
1091,fema,1
1093,ring,1
1040,del,1
1129,khamis,1
1119,ivory,1
1122,freesyria,1
1123,summerville,1
1124,wherever,1
1125,luggage,1
1126,cee,1
1127,arar,1
1128,gym,1
1130,asir,1
1094,wurundjeri,1
1131,kaalharqya,1
1132,god,1
1133,wide,1
1134,depends,1
1135,day,1
1136,zulfi,1
1137,foot,1
1138,nfc,1
1118,abidjan,1
1117,home,1
1116,kolkata,1
1115,arabi,1
1095,granada,1
1096,hehim,1
1097,donate,1
1098,gofundmecommayabell,1
1099,alanya,1
1100,nashville,1
1101,tn,1
1104,looking,1
1105,right,1
1106,eye,1
1107,fife,1
1108,dundee,1
1109,lax,1
1110,sjj,1
1111,mexico,1
1112,wien,1
1114,imo,1
1042,kanagawa,1
1039,infomenastreamcom,1
937,westport,1
978,hr,1
968,occitanie,1
970,raqqa,1
971,belfast,1
972,king,1
973,casalbordino,1
974,القدسcambridge,1
976,kathmandu,1
977,nepal,1
979,slo,1
990,wi,1
980,pl,1
981,cg,1
982,lapobe,1
983,delillet,1
984,alt,1
985,berguedà,1
986,berlingazazurichtampere,1
987,ashfield,1
967,wherethestreetshavenoname,1
963,children,1
962,norcal,1
961,hertfordshire,1
940,mainlining,1
941,coffee,1
942,wshahrazad,1
943,vracar,1
944,sydneybrisbanemelbounedcny,1
945,loss,1
946,liberal,1
947,melrose,1
949,tiohtiak,1
951,rhinewestfalen,1
952,waltononthames,1
953,cdmxny,1
955,burnaby,1
956,loyalist,1
957,college,1
958,shenzhen,1
959,china,1
989,madison,1
991,guatemala,1
1038,sassari,1
1027,stl,1
1019,temporaryroadworkshire,1
1020,srinagar,1
1021,jammu,1
1022,kashmir,1
1023,kharkiv,1
1024,dortmund,1
1025,hesse,1
1026,durban,1
1028,socal,1
992,ləkʷəŋən,1
1029,fog,1
1031,monaco,1
1032,mar,1
1033,spotlight,1
1034,ho,1
1035,chi,1
1036,dei,1
1037,mille,1
1018,jalisco,1
1017,mcgill,1
1016,harvard,1
1015,condotti,1
993,territoryvictoria,1
994,nonsensesselesshire,1
995,hospital,1
996,gloucester,1
997,dubaidublin,1
998,laois,1
999,limerick,1
1000,geelong,1
1001,malegaon,1
1003,austin,1
1004,mostly,1
1005,murcia,1
1007,therkuthotmailcom,1
1008,tokyomadrid,1
1009,ankara,1
1011,galveston,1
1014,oulu,1
1047,adonis,1
570,noise,1
831,cincinnati,1
442,gotland,1
426,odw,1
427,navigating,1
428,chaos,1
429,wasaga,1
438,tear,1
440,winchester,1
441,bolognainternetπιθηκοῦσσαι,1
451,pastor,1
485,higashi,1
452,augustanadenverorg,1
453,kaltland,1
454,rad,1
461,langacape,1
465,lisbon,1
471,link,1
481,potsdam,1
425,stb,1
422,büwor,1
420,galiza,1
419,gdynia,1
358,mukarrama,1
366,silent,1
369,wv,1
371,peer,1
373,location,1
379,louth,1
380,lincolnshire,1
382,chapel,1
388,europeanisiamalaysiscotland,1
393,twoklahoma,1
405,error404,1
410,albany,1
412,sterling,1
414,heart,1
415,kid,1
484,metropolitan,1
486,yamato,1
830,barbara,1
537,unknown,1
522,trotting,1
524,wilmington,1
525,markham,1
527,nycmoon,1
530,novara,1
531,piemonte,1
533,continent,1
539,crumlin,1
487,higashiyamatotokyojapan,1
540,antrim,1
542,soon,1
546,history,1
547,heritage,1
549,e5,1
550,alamogordo,1
551,nm,1
521,globe,1
520,lagos,1
519,essen,1
517,richmond,1
488,bend,1
489,meridavenezuela,1
490,sponsored,1
491,nccsdonline,1
494,border,1
495,eve,1
496,rywhere,1
500,dream,1
503,bst,1
504,albert,1
506,cda,1
507,saxonia,1
509,mcmurray,1
510,wood,1
515,arizona,1
357,makkah,1
354,riojaalavesamadridwashington,1
352,tripolilibya,1
161,kul,1
124,surrey,1
126,buenos,1
127,aires,1
128,argentina,1
131,philippine,1
159,hkg,1
160,ldn,1
162,cmb,1
351,baltimore,1
165,gadubanud,1
167,se,1
175,nainital,1
183,newry,1
185,news,1
186,lilongwe,1
187,accommodation,1
123,haslemere,1
116,dunedin,1
115,eastnetherlands,1
110,ventura,1
19,newyork,1
24,iraqicanadian,1
53,balkan,1
60,farmington,1
64,englanduk,1
73,uncertainty,1
76,ammanjordan,1
79,village,1
88,rts,1
89,endorsement,1
90,dutchman,1
94,bombay,1
96,telaviv,1
103,email,1
104,itlabourstartorg,1
190,brusselsbangui,1
191,dakar,1
199,lumpur,1
285,pologne,1
292,cullman,1
298,chinese,1
299,georgia,1
301,armenia,1
304,lansing,1
308,delhibombaybikanercalcutta,1
310,missouri,1
315,kafranbel,1
318,grove,1
319,pennsylvania,1
333,uprooted,1
338,riyadhsaudi,1
340,augusta,1
345,phnom,1
346,penh,1
289,terra,1
279,elkridge,1
202,xxx,1
278,crpdrylands,1
207,riverdale,1
213,post,1
217,bronx,1
223,freedom,1
224,dy,1
225,certainly,1
232,portland,1
243,valparaíso,1
252,limited,1
253,edition,1
255,aalten,1
260,pauloberlinla,1
262,eikprsjcmsiepuniinnsbruck,1
270,aust,1
275,utc9,1
553,lake,1
554,worth,1
556,naples,1
751,toowoomba,1
744,amazoncom,1
745,local,1
746,bookseller,1
747,christmas,1
748,really,1
749,fruit,1
750,tree,1
752,guildford,1
706,zug,1
753,carlisle,1
755,eugene,1
758,cod,1
759,basel,1
760,chattanooga,1
767,neighborhood,1
768,boise,1
743,islamabad,1
741,stevenage,1
740,circus,1
739,tuzla,1
708,kearny,1
714,bunker,1
715,flyover,1
716,gliwice,1
717,crisis,1
718,frontlines,1
723,jageraturrbul,1
726,vegas,1
727,nevada,1
731,stuttgart,1
732,monza,1
733,lombardy,1
735,focus,1
736,mena,1
738,londonbrusselskampala,1
769,id,1
770,livingston,1
771,lothian,1
803,sevilla,1
810,lovering,1
811,cantù,1
812,lover,1
813,jeddah,1
814,downtown,1
815,ukbahrain,1
816,visit,1
817,dedicated,1
818,website,1
819,melukerdeepalawa,1
822,cage,1
824,hamilton,1
825,hampstead,1
826,uoft,1
828,galle,1
809,turin,1
802,belgrave,1
772,alabama,1
801,mustafar,1
776,nv,1
777,homesick,1
779,menden,1
780,germanyeurope,1
781,de,1
782,oppressed,1
783,liber,1
784,bettyebear,1
787,𓂀𓆣𓄿𓁧𓆃,1
788,nova,1
789,gorica,1
790,laniakea,1
795,belgradesrbijabelgradeserbia,1
796,preston,1
799,arlington,1
707,centerstage,1
705,bialystok,1
562,neosho,1
629,hoogeveen,1
618,blockchain,1
620,dagenham,1
621,directuly,1
624,nicerfrance,1
626,twittersphere,1
627,genemuidenwest,1
628,southafrica,1
630,walyalupfreo,1
702,qc,1
631,midnorth,1
636,bidens,1
637,hell,1
638,brexit,1
639,trump,1
640,bitchesagainstbrexit,1
641,romford,1
617,wiradjuri,1
616,helen,1
609,teddington,1
606,metaverse,1
568,wolfsburg,1
569,thessaloniki,1
573,ourense,1
577,castilla,1
578,germanylebanon,1
579,valencian,1
581,italia,1
585,inanblower,1
591,ambassadores,1
593,asia,1
596,wicklow,1
597,ljubljana,1
599,faro,1
603,headquarters,1
604,business,1
643,niort,1
645,nebraska,1
646,bclkwungen,1
671,presevo,1
674,coimbra,1
675,mary,1
678,winter,1
681,budhwar,1
682,peth,1
683,pune,1
684,abuja,1
685,myrtle,1
687,bathing,1
688,suit,1
696,guyana,1
698,correspondent,1
699,motherwell,1
700,libya,1
701,tripoli,1
673,bucuresti,1
670,stirling,1
647,terr,1
669,lausanne,1
649,elsewhere,1
650,burton,1
651,cumbria,1
652,santander,1
653,cantabria,1
654,balasoreberlin,1
655,slovakia,1
656,patragreece,1
657,youre,1
659,lincoln,1
660,regensburg,1
662,kalamazoo,1
663,michigan,1
666,gettysburg,1
668,louis,1
1139,bilbao,1
