,word,frequency
19,usa,593
18,utah,303
51,new,176
22,japan,136
123,london,111
4,global,96
107,england,84
101,jersey,83
56,earth,78
86,uk,76
367,texas,65
20,united,63
142,york,54
47,germany,49
21,state,48
44,south,46
60,ca,44
312,almost,40
3,canada,40
153,city,40
80,ga,39
57,planet,37
125,spain,37
274,australia,35
79,atlanta,33
10,co,33
102,colorado,31
147,ukraine,30
96,moscow,29
8,book,29
233,worldwide,29
115,west,28
38,tx,28
73,canberra,27
58,san,27
144,coast,27
449,france,27
145,republic,26
35,washington,25
36,dc,24
129,africa,24
34,fl,24
84,italy,23
9,parker,23
162,god,23
72,california,23
114,north,22
82,los,22
246,kingdom,22
304,paris,22
177,ny,21
209,berlin,21
143,east,21
238,india,21
161,word,20
83,angeles,20
163,foundation,20
280,central,20
164,knowledge,20
116,bandung,19
157,denver,19
132,quasicanada,18
98,fire,18
66,londonuk,18
97,imagination,18
476,iran,18
131,brunswick,18
527,music,17
126,world,17
220,heaven,17
43,florida,17
52,mexico,16
255,everywhere,16
475,islamic,15
188,va,15
90,nigeria,14
376,pa,14
329,carolina,14
215,pacific,14
138,ontario,14
0,chicago,14
15,cologne,14
379,miami,13
165,arkansas,13
263,america,13
104,yemen,13
89,lagos,13
45,dakotah,13
111,delhi,12
402,calpe,12
152,paradise,12
386,followback,12
59,diego,12
327,yerevan,12
39,baltimore,12
13,brazil,11
1001,thick,11
216,ocearn,11
189,cyber,11
174,pakistan,11
403,southern,11
187,williamsburg,11
377,somewhere,11
23,lebanon,11
284,russia,11
172,canterbury,11
328,armenia,11
190,domain,11
120,timpson,10
875,oregon,10
119,emitechcom,10
348,sicily,10
133,nc,10
336,rhein,10
46,espelkamp,10
40,md,10
7,nj,10
100,michigan,10
199,brussels,10
156,francisco,10
223,kalifornia,10
222,republik,10
500,europe,10
221,ppls,10
585,colombia,10
554,hell,9
186,il,9
155,karachi,9
37,austin,9
81,slovakia,9
347,westminster,9
375,gilbertsville,9
112,missouri,9
71,area,9
248,toronto,9
113,kyiv,8
236,englewood,8
176,tn,8
259,back,8
258,follow,8
279,ireland,8
281,pennsylvania,8
506,madrid,8
575,iasi,8
803,aberdeebarbar,8
576,romania,8
273,cairn,8
808,indonesia,8
338,portland,8
95,vienna,7
54,al,7
74,montreal,7
88,geneva,7
268,switzerland,7
275,sydney,7
839,ethiopia,7
293,rome,7
65,brasil,7
382,beach,7
103,sanaa,7
782,oh,7
853,manchester,7
109,cleveland,7
62,são,7
357,obtained,7
352,kuala,7
171,island,7
225,western,6
862,derbyshire,6
192,blue,6
27,santa,6
249,kharkiv,6
1198,ababa,6
68,mf,6
70,bay,6
166,farm,6
1197,addis,6
149,paulo,6
148,sao,6
426,alexandria,6
1,illinois,6
99,fremont,6
14,colognegermany,6
67,wall,6
409,town,6
667,macon,6
936,territory,5
836,whippany,5
631,may,5
626,idaho,5
610,johannesburg,5
536,barranquilla,5
397,zealand,5
609,philippine,5
540,philadelphia,5
606,milelong,5
232,java,5
378,mist,5
545,kanagawa,5
278,dublin,5
711,birmingham,5
725,scotland,5
577,syria,5
318,turkey,5
315,citizen,5
748,la,5
524,twitter,5
298,cork,5
759,place,5
607,warehouse,5
198,bangladesh,5
479,durham,5
92,netherlands,5
509,universe,5
185,seattle,5
106,sweden,5
200,heart,5
503,space,5
137,ottawa,5
483,port,5
175,memphis,4
678,international,4
484,harcourt,4
160,hou,4
828,tampa,4
511,benhuserbluewinch,4
407,bangalore,4
472,saxonia,4
485,ngr,4
30,nyer,4
270,mumbai,4
675,arabia,4
596,internet,4
847,florence,4
674,saudi,4
117,lake,4
658,austria,4
546,prefecture,4
349,vega,4
350,nyc,4
342,milkyway,4
718,stay,4
719,fly,4
130,greece,4
49,porto,4
749,nv,4
414,gulf,4
28,monica,4
702,connecticut,4
592,israel,4
817,spring,4
786,chile,4
427,croatia,4
61,istanbul,4
1099,emiliaromagna,4
158,wing,4
159,white,4
437,mother,4
816,tarpon,4
262,wakanda,4
408,cape,4
447,ile,4
632,differ,4
381,newport,4
94,finland,4
630,listing,4
902,valparaiso,4
466,rico,4
629,tcm,4
915,ecuador,4
1017,charlotte,4
448,de,4
628,work,4
543,virginia,4
934,coming,4
227,bologna,4
520,nashville,4
201,nationality,4
627,dont,4
26,land,4
463,georgia,4
460,piera,4
242,maryland,4
324,brisbane,4
640,sarawakmalaysia,4
441,point,4
245,brooklyn,4
639,miri,4
247,home,4
29,native,4
108,cambridge,4
1009,maffra,4
110,ohio,4
619,azerbaijani,3
55,atwitter,3
1096,earthling,3
1120,ohofa,3
128,wisconsin,3
580,tokyo,3
717,indiana,3
354,wilde,3
618,baku,3
12,janeiro,3
124,vancouver,3
482,nd,3
326,monaco,3
85,boston,3
1124,walterville,3
1149,tasmania,3
325,queensland,3
339,hollywood,3
371,live,3
353,catland,3
64,pinhais,3
388,detroit,3
696,great,3
695,athens,3
63,josé,3
11,rio,3
593,europefinland,3
597,amsterdam,3
505,̇stanbulmaltepe,3
356,happyland,3
355,oscar,3
646,rock,3
459,belgium,3
1095,sassari,3
560,barcelona,3
17,best,3
516,un,3
170,long,3
1094,mille,3
840,beirutanother,3
841,gardenspot,3
1018,singapore,3
859,norfolk,3
1015,krasnodar,3
1014,adler,3
438,alberta,3
439,doncaster,3
869,berkeley,3
888,guatemala,3
890,islamabad,3
553,sussex,3
547,st,3
191,nm,3
193,turin,3
544,nippon,3
914,quito,3
195,middle,3
465,puerto,3
542,valley,3
202,milan,3
528,take,3
970,krasnoyarsk,3
557,truth,3
517,headquarters,3
766,odds,3
428,columbus,3
310,panamzacom,3
574,chennaiindia,3
507,put,3
42,valorxvii,3
5,trotter,3
1050,postsocialism,3
41,instagram,3
775,houston,3
780,region,3
150,federal,3
429,norway,3
317,mn,3
1093,dei,3
287,victoria,3
78,wi,3
432,wale,3
746,sc,3
521,soflo,2
523,alt,2
584,pole,2
537,beirut,2
498,dear,2
605,ward,2
495,training,2
582,former,2
525,joelb63b,2
510,cheshire,2
573,îleefrance,2
586,indeed,2
508,oxford,2
548,petersburg,2
604,yokohama,2
519,community,2
600,ct,2
1199,southeast,2
518,buffalo,2
569,winnipeg,2
565,omnipresent,2
561,arlington,2
515,pod,2
570,mb,2
822,edition,2
612,poland,2
1028,hq,2
1013,columbia,2
1005,queen,2
1004,hyderabad,2
1002,charleston,2
990,ice,2
989,thin,2
988,skating,2
981,chi,2
959,wv,2
954,rts,2
953,apply,2
952,disclaimer,2
951,usual,2
949,chicagoland,2
948,ok,2
941,usually,2
935,kent,2
925,beforeyhwhstandvsevil,2
924,kneel,2
1020,liverpool,2
1032,cityireland,2
1192,fortress,2
1036,bubble,2
1141,glasgow,2
1119,fema,2
1117,stockholm,2
1152,crawley,2
1111,british,2
1107,tucson,2
1102,montréal,2
1153,dreaming,2
1161,az,2
1070,ringside,2
1060,head,2
1059,hertfordshire,2
1167,saratov,2
1048,coimbatore,2
1038,gunma,2
1178,khulna,2
1184,alegre,2
1190,timeline,2
1037,nowhere,2
921,santiago,2
1193,ce,2
613,salford,2
742,capital,2
732,today,2
731,pledge,2
715,pr,2
714,ibaiti,2
713,noway,2
712,ulsteinvik,2
709,account,2
708,official,2
697,confusion,2
681,bed,2
680,dry,2
679,bonneville,2
657,bogota,2
652,eastern,2
647,roll,2
645,link,2
634,lmao,2
633,lasvegas,2
621,dallas,2
738,ℜuritania,2
743,hill,2
900,pradesh,2
769,nottingham,2
899,himachal,2
898,dharamshala,2
896,shop,2
895,machine,2
493,tarbiyah,2
868,sudan,2
864,nation,2
858,norwich,2
850,slovenia,2
834,lyon,2
832,derrylondonderry,2
829,malta,2
825,hurtling,2
821,limited,2
812,bike,2
807,jakarta,2
789,buenos,2
787,belarus,2
772,chennai,2
494,teacher,2
603,nest,2
492,faculty,2
217,dubai,2
303,uae,2
398,chelsea,2
118,asbury,2
399,oklahoma,2
401,allah,2
404,appleton,2
406,paulo-sp,2
411,kansa,2
214,libya,2
93,helsinki,2
297,egypt,2
218,arab,2
135,mo,2
415,shore,2
418,uganda,2
219,emirate,2
224,dakar,2
228,emilia,2
425,river,2
230,hampshire,2
434,marooned,2
289,edmonton,2
440,fell,2
286,profit,2
134,albuquerque,2
208,chikyu,2
442,secaucus,2
197,dhaka,2
343,tawas,2
344,amazoncom,2
345,local,2
340,milky,2
337,wide,2
169,ut,2
335,coffee,2
168,fork,2
167,spanish,2
346,bookseller,2
146,serbia,2
320,wt,2
390,antonio,2
140,zurich,2
316,mnneton,2
364,massachusettsusa,2
313,web,2
369,auburn,2
207,quebec,2
372,learn,2
373,love,2
374,minnesota,2
307,chong,2
389,terraprime,2
285,fun,2
341,way,2
478,county,2
282,melbourne,2
266,belgavi,2
31,im,2
241,queensbury,2
257,alabama,2
48,rj,2
239,blogratemybarbercom,2
25,oldest,2
462,tbilisi,2
267,karnataka,2
464,correspondent,2
24,gap,2
250,need,2
457,subterrania,2
995,dogville,1
205,tirana,1
885,nemesis𖤐,1
994,louis,1
993,saint,1
992,domingo,1
991,santo,1
996,bbm,1
997,pin,1
204,rica,1
235,leeds,1
206,dunnigan,1
980,ho,1
889,bedfordshire,1
976,qc,1
977,road,1
978,lviv,1
979,hiroshima,1
251,wikileaks,1
887,tropic,1
998,d0211963,1
982,vietnam,1
983,bohol,1
984,mostly,1
886,swindon,1
985,mind,1
986,divide,1
987,airdrie,1
1000,monterey,1
999,popeloutchom,1
1016,reddit,1
179,reunion,1
881,faisalabad,1
1019,huelgoat,1
880,hanover,1
178,miamifl,1
879,channel,1
878,youtube,1
877,yorico,1
876,kunda,1
252,fredericksburgva,1
874,bonn,1
1021,cdssopsdefencegovau,1
1022,keatskbabe,1
1023,donate,1
1024,gofundmecommayabell,1
180,centerville,1
181,chiapas,1
975,saintémarguerite,1
182,otm,1
203,costa,1
884,rapist,1
1003,civilization,1
196,uttara,1
194,torino,1
1006,easton,1
883,𖤐angel,1
1007,orlando,1
1008,augustine,1
184,time,1
1010,kingdominternational,1
1011,df,1
1012,diegoca,1
183,succeed,1
882,cambridgeshire,1
891,londonislamabaddelhi,1
893,night,1
974,cannon,1
973,coeburn,1
909,baikal,1
931,fort,1
932,worth,1
933,farroupilha,1
908,lac,1
226,hemisphere,1
907,angel,1
937,bias,1
938,sorting,1
939,crap,1
940,corvallis,1
906,lithuania,1
942,naplescoconutcreekflfgh,1
943,glendale,1
944,nynj,1
930,laffin,1
929,northwest,1
928,nrw,1
920,raspberryjellydoughnut,1
916,nati,1
913,candler,1
912,hood,1
917,temporarily,1
918,gilead,1
919,srilanka,1
231,bogor,1
927,ratingen,1
911,robin,1
922,salt,1
923,httpbitlyeassets,1
910,irkoutsk,1
229,truro,1
926,mogadishu,1
905,izhevsk,1
945,barbados,1
946,tamil,1
967,order,1
962,couvinchimayteron,1
963,visalia,1
244,gp,1
964,cofounder,1
965,katt,1
966,williams,1
968,parisian,1
960,tubular,1
894,mariupol,1
969,discharge,1
971,midland,1
234,walt,1
892,thousand,1
972,hyannis,1
961,gaz,1
210,e14,1
947,tulsa,1
1025,watt,1
904,taalsaari,1
903,sardinia,1
237,varanasi,1
901,nw,1
950,santecutburgh,1
213,tripoli,1
211,jam3,1
243,pta,1
240,jalandhar,1
955,punjab,1
956,reno,1
957,edmond,1
897,lesotho,1
958,hurricane,1
212,alqubtan,1
1042,piemonte,1
1026,hamburg,1
1150,hoddesdon,1
1142,nova,1
1143,scotia,1
1144,kölncologne,1
1145,camden,1
1146,latina,1
1147,esher,1
1148,perth,1
75,caracas,1
1151,woodland,1
1027,malakal,1
69,sf,1
53,frontline,1
1154,lazio,1
1155,elite,1
1156,soldier,1
1157,thebollocksclub,1
1158,kuwait,1
1159,european,1
76,venezuela,1
1140,örebro,1
1139,btr,1
1138,cmh,1
1121,gemma,1
1122,montes,1
1123,rnrfl,1
77,milwaukee,1
1125,raised,1
1126,amman,1
1127,jordan,1
1128,richmond,1
1129,saline,1
1130,unknown,1
1131,trip,1
1132,emea,1
1133,asia,1
1134,londonbeirut,1
1135,khartoum,1
1136,dystopistan,1
1137,thailand,1
1160,union,1
50,portugal,1
1162,vaxie,1
32,lurk,1
1186,people,1
1187,china,1
1188,qld,1
1189,brazilaracajuse,1
1191,olympus,1
1194,safely,1
1195,esconced,1
1196,bristolbarbèsbeyond,1
16,lodge,1
6,newark,1
2,washingtondc,1
1200,boy,1
1201,come,1
1202,downtown,1
1203,belong,1
1204,galiza,1
1205,dispose,1
1185,rosa,1
1183,endorsement,1
1163,vaccinesgov,1
1182,rt,1
1164,beverly,1
1165,raya,1
1166,hungary,1
1168,source,1
1169,subotica,1
1170,dili,1
1171,timorlest,1
1172,essendon,1
1173,uberlândia,1
1174,cdmx,1
1175,part,1
1176,bikini,1
1177,bottom,1
33,jax,1
1179,malaysia,1
1180,irvine,1
1181,lahore,1
87,candageosynchronous,1
91,groningen,1
1118,kathmandu,1
1051,sindh,1
1053,bari,1
1054,puglia,1
1055,allahabad,1
1056,pepper,1
1057,addictologue,1
1058,addictologist,1
141,dmv,1
1061,kendal,1
1062,simi,1
1063,wellington,1
1064,bc,1
1065,pallet,1
1066,goldenstate,1
1067,taytay,1
1068,rizal,1
1069,mississauga,1
139,mercury,1
1052,lumpur,1
1049,dreamwishmaker,1
1072,sjp,1
151,district,1
173,rawalpindipunjab,1
1029,pomezia,1
1030,wallowas,1
1031,alp,1
1033,qmul,1
1034,peace,1
1035,syracuse,1
154,terra,1
1039,madeinnorthumberland,1
1040,mozambique,1
1041,novara,1
872,düsseldorf,1
1043,korelea,1
1044,kā-haven,1
1045,durban,1
1046,korea,1
1047,incheon,1
1071,laplace,1
1073,baby,1
1116,guyana,1
127,madison,1
1098,veneto,1
122,tobago,1
1100,dream,1
1101,mtl,1
121,trinidad,1
1103,citymiami,1
1104,ufa,1
1105,bashkortostan,1
1106,sandton,1
1108,street,1
1109,cup,1
1110,baghdad,1
105,gothenburg,1
1112,oakland,1
1113,waskaganish,1
1114,james,1
1115,québec,1
1097,donetsk,1
136,stlouis,1
1074,independentist,1
1092,garden,1
1075,r3y1x4,1
1076,cyberspace,1
1077,metro,1
1078,guayaquil,1
1079,maria,1
1080,surakarta,1
1081,myrtle,1
1082,albany,1
1083,chula,1
1084,vista,1
1085,murcia,1
1086,mauritius,1
1087,always,1
1088,yall,1
1089,towcester,1
1090,anne,1
1091,manitoba,1
873,lumajang,1
265,unlimited,1
871,azerbaijan,1
614,leftover,1
616,hellas,1
617,butwalnepal,1
393,wodonga,1
392,girl,1
620,oslo,1
391,allouez,1
622,redding,1
623,cariboo,1
624,tray,1
625,boise,1
387,brasilia,1
385,ground,1
384,camp,1
383,heat,1
380,metaverse,1
635,outer,1
636,rim,1
615,obukhovo,1
394,vic,1
638,shelter,1
395,bernardo,1
589,planjane,1
590,prizren,1
591,jimins,1
413,algeciras,1
412,odessa,1
594,currently,1
595,gamer,1
410,veracruz,1
598,monster,1
599,hartford,1
601,cubao,1
602,surface,1
405,kentucky,1
400,stgochile,1
608,cavite,1
396,campo,1
611,bahrain,1
637,animal,1
370,anytown,1
587,kazan,1
663,ky,1
665,orange,1
666,nola,1
362,wy,1
668,lancaster,1
669,nh,1
670,riojaalavesamadridwashington,1
671,tokyojapan,1
672,hamilton,1
673,riyadh,1
361,id,1
360,cucamonga,1
676,front,1
677,iphone,1
359,rancho,1
358,jaipur,1
351,peru,1
682,treasure,1
664,atl,1
662,louisville,1
641,unceded,1
661,hide,1
642,whadjuk,1
643,noongar,1
644,bodaja,1
368,fitzroy,1
366,terlingua,1
648,corner,1
649,stupid,1
650,kremlin,1
651,charles,1
365,nsw,1
653,wa,1
654,mundelin,1
655,dusseldorf,1
656,alemania,1
363,cruise,1
659,raleigh,1
660,elevated,1
588,preston,1
416,dr,1
870,malang,1
471,edomex,1
469,iraq,1
468,watford,1
467,used,1
522,bank,1
461,bulgaria,1
458,aalst,1
526,sheffield,1
456,guelph,1
455,shrewsbury,1
529,kuroshio,1
530,field,1
531,nankai,1
532,kimashima,1
533,islander,1
534,winter,1
535,sleep,1
454,northern,1
470,freeze,1
514,westfield,1
538,huntsville,1
513,winona,1
490,jalpaiguri,1
496,studio,1
497,globe,1
489,harrow,1
499,prudence,1
488,aracaju,1
501,interwebs,1
502,newyork,1
487,ibadan,1
504,tolerahju,1
486,tewkesbury,1
481,williston,1
480,mp,1
477,darlington,1
474,tampere,1
473,nabeul,1
512,expect,1
453,derry,1
539,peer,1
417,congo,1
563,dfw,1
431,reading,1
566,away,1
567,rissing,1
568,sunbiafra,1
430,tempe,1
571,brettevillelorgueilleuse,1
572,zooropa,1
424,saddle,1
423,upper,1
422,ch,1
421,basel,1
420,catania,1
578,garut,1
579,jose,1
419,infoatimpaktercom,1
581,bronx,1
583,matrix,1
564,ict,1
562,nz,1
452,cruz,1
433,left,1
541,shenandoah,1
451,keynes,1
450,milton,1
446,horizonte,1
445,belo,1
444,cyprus,1
443,montrealcairo,1
549,health,1
550,meet,1
551,tech,1
552,pq,1
436,meriti,1
555,brampton,1
556,tennessee,1
435,joão,1
558,berlingazazurichtampere,1
559,wausa,1
683,trove,1
684,greenest,1
685,mountain,1
802,charlottesville,1
804,denveraurora,1
805,doha,1
806,qatar,1
294,kafr,1
292,gbessarione,1
809,rhewl,1
810,beautiful,1
811,hudson,1
291,kosovo,1
813,sioux,1
814,iowa,1
815,trilateralcommission,1
290,prishtina,1
818,netherland,1
819,wix,1
820,essex,1
288,nairobi,1
295,el,1
801,hel,1
824,louisiana,1
800,underground,1
300,cameroon,1
783,visayas,1
784,wicklow,1
785,valparaíso,1
299,yaounde,1
788,cairo,1
296,shikh,1
790,palm,1
791,arendonk,1
792,presence,1
793,saintgeorges,1
794,beauce,1
795,bend,1
796,kingston,1
797,hull,1
798,somalia,1
799,norcalgateway,1
823,shreveport,1
826,willamette,1
686,shire,1
491,wb,1
852,jacksonville,1
264,rawlife,1
854,theland,1
855,northumberland,1
856,act,1
857,kana,1
261,village,1
260,jabbari,1
860,kl,1
861,bethesda,1
863,rainbow,1
256,troy,1
865,somerton,1
866,atlantaga,1
867,jubasouth,1
254,everyone,1
253,amerca,1
851,vijayawada,1
849,šentilj,1
827,middletown,1
848,others,1
283,in_exile,1
830,hot,1
831,af,1
277,mézidoncanon,1
833,bangkok,1
276,sea,1
835,cannes,1
272,calabarzon,1
837,bogotá,1
838,ina,1
271,antipolo,1
269,belfast,1
842,alias,1
843,tehran,1
844,edinburgh,1
845,shen,1
846,annapolis,1
781,continental,1
301,sri,1
779,belt,1
333,bahia,1
331,ssa,1
716,realville,1
330,jf,1
323,dot,1
322,pale,1
720,cntr,1
721,fr,1
722,security,1
723,policy,1
724,aberdeen,1
321,diamond,1
726,regina,1
727,saskatchewan,1
728,lost,1
729,good,1
730,fishkill,1
319,sky,1
332,taste,1
334,goa,1
778,worlwide,1
710,pecos,1
687,foothill,1
688,mtns,1
689,​​spain,1
690,punta,1
691,gorda,1
692,belize,1
693,glow,1
694,cal,1
698,taarib1,1
699,director,1
700,arabization,1
701,initiative,1
703,manhattan,1
704,piazza,1
705,galileo6,1
706,gadigal,1
707,country,1
733,wirral,1
734,online,1
735,wild,1
736,normandy,1
760,blackville,1
761,sw,1
762,allgäu,1
763,bayern,1
764,suva,1
765,fiji,1
306,czech,1
767,mount,1
768,clemens,1
305,munich,1
770,oct,1
771,emeryville,1
773,rice,1
774,university,1
302,lanka,1
776,wokingham,1
777,d12,1
758,many,1
757,juan,1
756,anywhere,1
311,vibration,1
737,fargo,1
739,albacete,1
740,ready,1
741,shadow,1
314,wonder,1
744,salem,1
745,bluffton,1
747,rhônealpes,1
755,arizona,1
309,cardiff,1
308,dubrovnik,1
750,sabadell,1
751,eindhoven,1
752,inthemad,1
753,damascus,1
754,inglewood,1
1206,phoenix,1
