,word,frequency
19,earth,446
41,somewhere,387
6,ukraine,282
151,spain,152
29,usa,131
31,europe,129
150,almería,126
52,canada,126
104,india,114
13,new,101
97,ontario,97
82,united,94
96,waterloo,86
40,everywhere,85
32,kyiv,81
1,et,81
0,seine,81
2,marne,81
83,state,68
141,north,60
17,london,55
144,bos,53
143,baby,53
142,cack,53
14,york,50
54,poland,49
10,internet,44
211,delhi,43
108,world,39
106,england,37
7,alphaville,36
8,barueri,36
9,sp,36
114,france,33
203,yerevan,30
202,armenia,30
120,worldwide,28
18,uk,28
253,chicago,26
261,il,25
4,san,25
12,paris,25
127,florida,24
164,chain,23
76,ca,22
171,warsaw,22
210,kolkata,22
68,germany,21
262,mumbai,21
113,western,21
288,california,21
80,netherlands,20
21,city,20
126,vancouver,20
50,georgia,20
191,suisse,20
125,kingdom,19
60,belgium,19
89,free,17
11,global,17
421,tbilisi,17
179,madrid,17
100,melbourne,17
107,country,17
221,berlin,16
134,long,16
35,rome,16
208,barcelona,16
135,way,16
5,francisco,15
172,county,15
155,european,14
81,switzerland,14
229,brussels,14
58,italy,14
105,durham,13
182,union,13
534,planet,13
72,montreal,13
47,turkey,13
61,odessa,13
175,washington,12
214,greece,12
157,vienna,11
206,africa,11
336,mexico,11
246,libya,11
392,budapest,11
335,fl,11
91,nh,11
279,antarctic,10
176,dc,10
250,scotland,10
122,portugal,10
254,home,10
88,live,10
249,hungary,10
90,die,10
225,nc,9
130,argentina,9
148,angeles,9
28,finland,9
223,rural,9
224,hall,9
682,pennsylvania,8
101,victoria,8
139,bangladesh,8
313,japan,8
315,va,8
27,helsinki,8
147,los,8
766,austria,8
48,istanbul,8
205,south,8
604,kingdomlithuania,8
402,carolina,8
594,belarus,7
43,franceuk,7
33,atlanta,7
165,japanchiba,7
194,lont,7
381,censored,7
274,massachusetts,7
59,antwerp,7
448,romania,7
22,ga,7
291,canberra,7
298,jammu,7
299,kashmir,7
479,marýpol,7
115,ny,7
265,sweden,7
357,amsterdam,7
353,space,6
393,brampton,6
268,nairobi,6
491,poznań,6
499,channel,6
498,news,6
183,china,6
188,autonomous,6
306,oceania,6
307,eurasia,6
327,wide,6
308,eastasia,6
314,charlottesville,6
190,air,6
181,nyc,6
189,good,6
497,international,6
180,bangalore,6
111,armed,6
3,miami,6
25,hong,6
109,fund,6
110,help,6
71,singapore,6
26,kong,6
92,lugano,6
112,force,6
668,office,6
16,mo,6
129,pakistan,6
51,athens,6
65,metaverse,6
138,dhaka,6
66,spaceship,5
289,shanghai,5
284,glasgow,5
391,moon,5
159,taiwan,5
426,cyberspace,5
197,america,5
276,manchester,5
397,airport,5
396,macarthur,5
36,lazio,5
79,hague,5
410,supporting,5
395,islip,5
394,ireland,5
209,bengaluru,5
420,raipur,5
99,israel,5
264,skåne,5
686,pronoun,5
266,sacrament,5
687,safe,5
263,helsingborg,5
133,atlantis,5
178,australia,5
431,land,5
303,beach,5
478,azerbaijan,4
508,content,4
414,bratislava,4
95,tx,4
506,top,4
507,featured,4
235,bremen,4
510,morocco,4
633,bastwick,4
480,man,4
244,meghalaya,4
634,street,4
643,valenciennes,4
558,russiaukraine,4
334,sarasota,4
406,dublin,4
64,inform,4
63,seeking,4
509,go,4
124,liverpool,4
564,belgrade,4
359,pa,4
136,étatsunis,4
585,co,4
297,sydney,4
173,venezuela,4
207,valencia,4
121,lisbon,4
290,hyderabad,4
386,hampshire,4
442,seoul,4
73,mar,4
348,toronto,4
200,holland,4
195,bogota,4
199,gld,4
196,colombia,4
198,apeldoorn,4
416,west,4
689,jacksonville,3
304,copenhagen,3
282,brazil,3
45,queensland,3
302,fernandina,3
484,croatia,3
490,bharat,3
704,poconos,3
425,norway,3
483,zagreb,3
430,wurundjeri,3
301,boston,3
321,report,3
435,krakow,3
293,petrivtsi,3
292,novi,3
322,adventure,3
325,korea,3
470,nepal,3
323,httpswwwfacebookcommuellerreportadventuresinbitesizes456169591807599modaladmin_todo_tour,3
324,republic,3
320,mueller,3
312,tokyo,3
522,kansa,3
617,sevillaespaña,3
588,lagos,3
627,seattle,3
586,hongkong,3
608,wiesbaden,3
390,colorado,3
168,emerald,3
618,nft,3
616,sevillespain,3
523,leftcoast,3
565,serbia,3
169,green,3
170,ire,3
184,lalalalalalalalalala,3
615,beirut,3
614,pune,3
15,springfield,3
530,emea,3
613,detroit,3
241,kentucky,3
153,cyprus,3
333,charlotte,3
646,johannesburg,3
84,followingthewind,3
597,columbia,3
146,naples,3
145,ffffffffffff,3
403,antarctica,3
239,kharkiv,3
234,rř,3
233,district,3
232,nasimine,3
158,mother,3
230,badenwürttemberg,3
85,gaia,3
75,diego,3
368,wa,2
375,area,2
364,kerala,2
411,britain,2
418,quebec,2
713,constitutionalsweatequity,2
773,saale,2
724,md,2
412,albaria,2
417,watertown,2
759,heaven,2
400,philadelphia,2
404,mariupol,2
700,door,2
731,kabul,2
726,egypt,2
415,bit,2
408,st,2
599,ottawa,2
492,kuala,2
424,bodø,2
505,pacific,2
514,alabama,2
630,baku,2
536,texas,2
548,kiev,2
553,kampala,2
554,uganda,2
622,rainbow,2
621,sevilla,2
560,ankara,2
561,chernigov,2
563,bеоград,2
619,seville,2
566,piazza,2
567,silvestro,2
362,oslo,2
568,ithaca,2
569,teramo,2
609,nigeria,2
570,abruzzo,2
589,tel,2
590,aviv,2
512,smithville,2
502,jersey,2
699,next,2
501,bangla,2
436,ełk,2
674,tokushima,2
440,denmark,2
449,brno,2
450,czech,2
455,rayamangalam,2
665,fairfax,2
459,arak,2
463,malta,2
468,siliguri,2
469,bengal,2
477,bucuresti,2
659,moscow,2
655,vaslui,2
651,petors,2
598,gallifrey,2
493,lumpur,2
496,place,2
648,rom,2
647,laquila,2
500,joy,2
363,calicut,2
774,sachsenanhalt,2
177,perth,2
53,naperville,2
260,iran,2
62,zamość,2
57,cosmos,2
271,bavaria,2
56,particle,2
55,stardust,2
280,island,2
332,austin,2
46,bursa,2
281,east,2
44,brisbane,2
305,louisiana,2
311,geneva,2
37,palermo,2
69,hamburg,2
255,online,2
247,chennai,2
240,hell,2
226,dubai,2
93,fort,2
94,worth,2
220,dnipro,2
98,lviv,2
218,izmir,2
128,lahore,2
131,business,2
132,hqmilwaukee,2
137,indian,2
152,longview,2
185,prague,2
174,konstanz,2
326,region,2
273,central,2
23,milan,2
347,lugansky,2
741,stevenage,1
763,middle,1
637,fighting,1
761,retweet,1
636,westminster,1
635,usasc,1
87,zland,1
762,endorsement,1
632,emirate,1
631,arab,1
629,thailand,1
620,pensacola,1
764,tennessee,1
628,bangkok,1
765,abouts,1
626,syria,1
625,homs,1
624,durhamuk,1
623,weesp,1
102,guadalajara,1
638,peace,1
639,justice,1
640,godhegyi,1
641,út,1
657,navi,1
656,belapur,1
757,pukhubkhwa,1
758,boulder,1
654,independent,1
653,pellare_sa_italy,1
652,warsawpoland,1
70,shoshgovarjarat,1
650,regis,1
24,lombardy,1
649,bognor,1
74,portland,1
77,edmonton,1
78,alberta,1
645,cz,1
760,verona,1
644,midrand,1
86,mordor,1
642,swindon,1
103,jalisco,1
116,rock,1
67,bonn,1
587,strasbourg,1
595,science,1
156,austrian,1
593,minsk,1
592,jászárokszállás,1
591,laval,1
160,work,1
161,darmstadt,1
162,la,1
772,azerbaijani,1
154,escobar,1
163,vega,1
20,peachtree,1
166,guelph,1
584,spring,1
583,canary,1
582,outaspace,1
581,vermont,1
580,junction,1
596,po,1
771,guinea,1
117,atlantic,1
769,mongolia,1
118,calgary,1
119,ab,1
123,frankfurt,1
767,parliament,1
768,ulaanbaatar,1
612,kagoshima,1
611,monteal,1
610,cyrenaica,1
770,papua,1
149,franken,1
607,curitiba,1
606,palm,1
605,bragança,1
140,auckland,1
603,niestetal,1
602,investment,1
601,get,1
600,yyz,1
658,constant,1
660,instagramkamalog,1
740,always,1
42,tirana,1
745,providence,1
719,community,1
718,brooklyn,1
717,brookline,1
716,vasilkov,1
715,warsawtych,1
714,college,1
38,quito,1
712,ukrainepoznań,1
711,national,1
710,ky,1
709,lexington,1
708,sc,1
707,summerville,1
706,sky,1
705,half,1
39,ecuador,1
703,dreamland,1
702,lake,1
720,shawnee,1
721,jose,1
722,clicksendromuyandexcom,1
30,khmelnytskyi,1
739,god,1
738,mabai,1
737,neo,1
736,university,1
735,meme,1
734,val,1
733,motihari,1
732,globally,1
742,ukunda,1
723,germantown,1
730,egham,1
729,cyprusiano,1
728,malaga,1
727,oulu,1
34,grenada,1
725,houston,1
743,kenya,1
744,eschborn,1
701,berkshire,1
746,ri,1
661,uae,1
698,quiet,1
677,nonetheless,1
676,therefore,1
578,zimbabwe,1
675,prefecture,1
752,knoxville,1
673,wale,1
672,british,1
671,tofino,1
670,territory,1
669,tlaoquiaht,1
753,tn,1
754,sussex,1
667,jharkhand,1
666,ranchi,1
755,lower,1
664,penang,1
756,saxony,1
663,ice,1
662,russia,1
678,itcoin,1
679,lockchain,1
680,retweets,1
690,arkansas,1
697,oligarchical,1
696,wrocław,1
695,tampa,1
694,sirius,1
693,freetown,1
747,ohio,1
692,dinan,1
691,afghanistan,1
748,rent,1
681,kanagawa,1
749,leftist,1
688,feb,1
49,adana,1
750,mind,1
685,sea,1
684,autumn,1
683,asheville,1
751,baltimore,1
579,essex,1
361,bologna,1
577,bulawayo,1
287,mainland,1
438,pasadena,1
437,phobos,1
294,rožňava,1
295,citizen,1
434,namma,1
433,cologne,1
432,thessaloniki,1
296,doha,1
300,manhattan,1
429,ney,1
428,gb,1
427,denlgc,1
309,owned,1
310,rachelintheoc,1
423,radio5_rne,1
422,sábados,1
316,islamabad,1
419,network,1
317,muscat,1
318,varies,1
319,kherson,1
439,federation,1
441,fryslân,1
467,michigan,1
286,hawaii,1
465,jalandharpunjab,1
464,ɠıɠɠɩɛʂῳıƈƙ,1
277,end,1
462,noida,1
461,freising,1
460,inowrocław,1
278,night,1
458,guild,1
457,reincarnation,1
456,different,1
454,lund,1
453,room,1
452,direct,1
451,directly,1
283,pittsburgh,1
285,lima,1
447,zurich,1
446,servant,1
445,bhopal,1
444,tech,1
443,ketting,1
328,erorr404,1
413,firenzeopicchiazzurroitaly,1
329,bahía,1
330,blanca,1
384,universe,1
383,bernardino,1
382,terre,1
354,bhaarata,1
380,suffolk,1
379,felixstowe,1
378,saskatchewan,1
377,bucket,1
376,zurich_berne_geneva,1
355,marseille,1
374,mi,1
373,livio,1
372,tito,1
371,school,1
370,high,1
369,classic,1
356,tunis,1
367,spokane,1
366,haripur,1
365,cardross,1
358,marietta,1
385,pontdecheruy,1
352,crypto,1
351,pr,1
341,minneapolis,1
331,munich,1
409,sauveur,1
407,bc,1
337,caracas,1
405,mile,1
338,europeglobal,1
339,hellenicshippingnewsworldwide,1
340,parma,1
401,juarez,1
399,ramon,1
388,b15,1
398,barisal,1
342,minnesota,1
343,cascais,1
344,lisboa,1
345,kepler62f,1
346,senegal,1
349,purgatory,1
350,juan,1
389,denver,1
466,poznan,1
275,heart,1
576,leeuwarden,1
550,dog,1
216,provence-alpes-côte,1
547,kids3_21,1
546,liberia,1
545,ct,1
544,greenwich,1
543,harrisville,1
542,indonesë,1
541,jakarta,1
540,cornwall,1
539,nm,1
538,fe,1
537,santa,1
217,'azur,1
535,daniel27john17rev123see13,1
533,hollywood,1
532,native,1
531,ninka,1
219,donetsk,1
529,citydao,1
528,wyoming,1
527,northwest,1
549,nijmegen,1
551,hospital,1
272,germania,1
552,purnea,1
575,plymouth,1
574,birmingham,1
573,marche,1
572,grottazzolina,1
571,yukon,1
167,bearlionwolf,1
360,zaragoza,1
186,sheher,1
187,chandigarh,1
192,turin,1
193,piedmont,1
562,louis,1
201,basel,1
204,durban,1
559,begun,1
212,vatican,1
557,lincolnshire,1
556,tnjtbfr7,1
555,threema,1
213,story,1
215,panaji,1
526,daytona,1
525,carcavelos,1
524,saxonia,1
222,chesterfield,1
494,zadar,1
256,remote,1
257,deccan,1
258,plateau,1
489,chiapas,1
488,budatínska,1
487,philippine,1
486,frog,1
485,cheese,1
259,tehran,1
482,azarrona,1
481,phohnix,1
267,cambodia,1
269,schagen,1
270,hellas,1
476,rhônealpes,1
475,loire,1
474,coimbatore,1
473,devon,1
472,napoca,1
471,cluj,1
495,best,1
252,maui,1
251,leicester,1
511,mérida,1
521,wonderful,1
520,eastcentral,1
519,temple,1
518,pausania,1
517,oh,1
516,cleveland,1
515,noneofyabusiness,1
513,huntsville,1
227,mysantropic,1
228,paradise,1
248,tamil,1
231,s4,1
236,washaw,1
237,house,1
238,barbados,1
504,asia,1
503,kyivukraine,1
242,johannesburgafrica,1
243,pinneruk,1
245,towcester,1
387,unitcity,1
